aaa,9.00
aab,9.00
aac,9.00
aad,9.00
aae,9.00
aaf,9.00
aag,9.00
aah,9.00
aai,9.00
aaj,9.00
aak,9.00
aal,9.00
aam,9.00
aan,9.00
aao,9.00
aap,9.00
aaq,9.00
aar,9.00
aas,9.00
aat,9.00
aau,9.00
aav,9.00
aaw,9.00
aax,9.00
aay,9.00
aaz,9.00
aba,9.00
abb,9.00
abc,9.00
abd,9.00
abe,9.00
abf,9.00
abg,9.00
abh,9.00
abi,9.00
abj,9.00
abk,9.00
abl,9.00
abm,9.00
abn,9.00
abo,9.00
abp,9.00
abq,9.00
abr,9.00
abs,9.00
abt,9.00
abu,9.00
abv,9.00
abw,9.00
abx,9.00
aby,9.00
abz,9.00
aca,9.00
acb,9.00
acc,9.00
acd,9.00
ace,9.00
acf,9.00
acg,9.00
ach,9.00
aci,9.00
acj,9.00
ack,9.00
acl,9.00
acm,9.00
acn,9.00
aco,9.00
acp,9.00
acq,9.00
acr,9.00
acs,9.00
act,9.00
acu,9.00
acv,9.00
acw,9.00
acx,9.00
acy,9.00
acz,9.00
ada,9.00
adb,9.00
adc,9.00
add,9.00
ade,9.00
adf,9.00
adg,9.00
adh,9.00
adi,9.00
adj,9.00
adk,9.00
adl,9.00
adm,9.00
adn,9.00
ado,9.00
adp,9.00
adq,9.00
adr,9.00
ads,9.00
adt,9.00
adu,9.00
adv,9.00
adw,9.00
adx,9.00
ady,9.00
adz,9.00
aea,9.00
aeb,9.00
aec,9.00
aed,9.00
aee,9.00
aef,9.00
aeg,9.00
aeh,9.00
aei,9.00
aej,9.00
aek,9.00
ael,9.00
aem,9.00
aen,9.00
aeo,9.00
aep,9.00
aeq,9.00
aer,9.00
aes,9.00
aet,9.00
aeu,9.00
aev,9.00
aew,9.00
aex,9.00